Keyword,Intent,Volume,Keyword Difficulty,CPC (USD),SERP Features
nutriologo colonia del valle,,20,,0.71,
nutriologos en la colonia del valle,,20,,0.00,
nutriologos en colonia del valle,,10,,0.00,
medico nutriolog en colonia del valle,,0,,0.00,
medico nutriologo en colonia del valle,,0,,0.00,
nutriologa colonia del valle,,0,,0.00,
nutriologa colonia del valle empleo,,0,,0.00,
nutriologa en la colonia del valle,,0,,0.00,
nutriologo colonia del valle centro,,0,,0.00,
nutriologo en colonia del valle,,0,,0.00,
nutriologo magdalena colonia del valle,,0,,0.00,
nutriologos df colonia del valle,,0,,0.00,
nutriologos dietas cetonicas colonia del valle,,0,,0.00,
nutriólogos colonia del valle,,0,,0.00,
nutriólogos df colonia del valle,,0,,0.00,
